Rank,Name,Median_score,Cooperation_rating,Wins,Initial_C_rate,CC_rate,CD_rate,DC_rate,DD_rate,CC_to_C_rate,CD_to_C_rate,DC_to_C_rate,DD_to_C_rate
0,EvolvedLookerUp2_2_2,2.9584,0.7055608952380953,48.0,1.0,0.6401251714285715,0.06543572380952381,0.18502815428571423,0.10941095047619048,0.8370488293,0.4790596378,0.50297443863,0.797963109651
1,Evolved HMM 5,2.95445714286,0.7208202533333333,41.0,1.0,0.6782873161904762,0.04253293714285712,0.1601444685714285,0.11903527809523809,0.997229780278,0.4793177769,0.0137541893602,0.19705548552
2,Evolved FSM 16,2.95352857143,0.6812822057142857,57.0,1.0,0.6025997866666666,0.07868241904761904,0.20646191809523812,0.1122558761904762,0.817879053759,0.577538524704,0.489283337397,0.308077562497
3,PSO Gambler 2_2_2,2.94492857143,0.6679093314285715,41.0,1.0,0.6001254990476189,0.06778383238095238,0.20153467047619045,0.13055599809523816,0.864619792311,0.455537942943,0.502571155839,0.382665563697
4,Evolved ANN 5,2.9198,0.6861557942857143,43.0,1.0,0.6727257600000001,0.013430034285714279,0.14491388380952375,0.16893032190476184,0.955249059326,0.737415931596,0.129891793331,0
5,Evolved FSM 16 Noise 05,2.91965714286,0.7050941257142858,40.0,1.0,0.6820596342857141,0.023034491428571422,0.14446550285714294,0.15044037142857153,0.977545935541,0.530724008035,0.407490193502,0.0791065419694
6,PSO Gambler 1_1_1,2.91677142857,0.6875772361904762,45.0,1.0,0.6547510476190477,0.032826188571428556,0.15886162666666664,0.1535611371428571,1.0,0.340124199675,0,0.128448179222
7,Evolved ANN,2.91505714286,0.6808313809523809,43.0,1.0,0.6666835599999998,0.01414782095238095,0.14699682285714288,0.17217179619047623,0.973212562407,0.702369744391,0.317237462495,0
8,Evolved FSM 4,2.91017142857,0.739832939047619,37.0,1.0,0.6487954723809523,0.09103746666666666,0.17572280761904768,0.08444425333333336,0.923829949546,0.426433143493,0,0.754503913299
9,PSO Gambler Mem1,2.9088,0.7103177676190476,44.0,1.0,0.6718383504761906,0.03847941714285714,0.1490324742857142,0.14064975809523814,1.0,0.521596039577,0,0.120403349504
10,Evolved ANN 5 Noise 05,2.87045714286,0.742090558095238,34.0,1.0,0.7126278533333332,0.029462704761904757,0.11707772761904764,0.14083171428571428,0.973482568797,0.836673065835,0.492455217875,0.147764801856
11,"DBS: 0.75, 3, 4, 3, 5",2.85751428571,0.7251785752380953,32.0,1.0,0.6981377904761906,0.02704078476190476,0.12195267619047619,0.1528687485714286,0.982013735721,0.784409999608,0.298744797492,0.130969767558
12,Winner12,2.85107142857,0.6775265904761905,40.0,1.0,0.6374900076190477,0.04003658285714284,0.15361618857142853,0.16885722095238095,1.0,0.398168427271,0,0.536737545222
13,"Omega TFT: 3, 8",2.8466,0.7139612209523809,35.0,1.0,0.7017665390476191,0.012194681904761903,0.11240181714285723,0.1736369619047619,0.999723867311,0.183392158182,0.556933311796,0.00959594943786
14,Fool Me Once,2.845,0.606607318095238,50.0,1.0,0.6021274419047619,0.004479876190476192,0.16104263238095234,0.23235004952380955,1.0,0.575586629594,0,0
15,Gradual,2.82074285714,0.7873472380952381,36.0,1.0,0.746798339047619,0.04054889904761901,0.09151843428571438,0.1211343276190476,1.0,0.366420613331,0.371509638988,0.255191568228
16,PSO Gambler 2_2_2 Noise 05,2.82037142857,0.7093761333333334,40.0,1.0,0.6439165104761906,0.06545962285714285,0.1488438304761905,0.14178003619047616,0.814991825519,0.532433897069,0.691539204888,0.376788611568
17,Meta Hunter: 6 players,2.79731428571,0.609216038095238,52.0,1.0,0.5742814000000003,0.03493463809523808,0.17038936190476184,0.22039459999999997,0.895333164246,0.766814495114,0.160761758089,0.115885057253
18,Forgetful Fool Me Once: 0.05,2.7938,0.7488507066666666,45.0,1.0,0.7169289485714285,0.03192175809523808,0.09784932952380954,0.1532999638095239,1.0,0.637034250601,0.0500841300063,0.0500874044947
19,MEM2,2.7886,0.56555052,60.0,1.0,0.5622194476190476,0.0033310723809523825,0.1662360361904762,0.2682134438095238,0.996550117,0.231633578443,0.273235379223,0
20,Spiteful Tit For Tat,2.78362857143,0.63267484,42.0,1.0,0.5926740514285714,0.040000788571428546,0.15875155238095232,0.20857360761904756,1.0,0,0.671830812174,0
21,EvolvedLookerUp1_1_1,2.76827142857,0.59913376,52.0,1.0,0.5549116666666666,0.044222093333333316,0.17367440952380953,0.22719183047619043,0.932420144592,0,0.773175371674,0
22,Revised Downing: True,2.7635,0.7631848647619047,25.0,1.0,0.7157407085714287,0.047444156190476164,0.09186582285714283,0.14494931238095232,0.997200846912,0.782143832362,0.0174256027121,0.130573300623
23,TF3,2.75725714286,0.5494834780952381,59.0,1.0,0.5434935599999998,0.005989918095238094,0.16865869142857146,0.2818578304761905,0.924116460436,0.598396432006,0.3552500247,0.0174924138629
24,Grudger,2.75442857143,0.5301867047619048,62.0,1.0,0.5277752076190476,0.002411497142857145,0.17505941904761907,0.2947538761904761,1.0,0,0,0
25,Level Punisher,2.71954285714,0.7251041885714286,38.0,1.0,0.700157761904762,0.02494642666666665,0.0844564933333333,0.1904393180952381,0.987408276344,0.878135407993,0.119594871831,0
26,Davis: 10,2.71811428571,0.5465943371428571,56.0,1.0,0.5355217161904764,0.011072620952380945,0.16443440952380942,0.28897125333333323,0.970449280042,0.847974592227,0,0
27,Shubik,2.70394285714,0.6734295942857143,45.0,1.0,0.6522125885714285,0.021217005714285708,0.10385859047619059,0.22271181523809533,1.0,0,0.474168466292,0
28,"Limited Retaliate 3: 0.05, 20",2.68927142857,0.6067763961904762,57.0,1.0,0.5881922761904763,0.01858411999999999,0.13187053333333337,0.2613530704761905,0.918328890063,0,0.0692488138765,0.0569802876334
29,"ZD-GTFT-2: 0.25, 0.5",2.68871428571,0.8614911790476191,0.0,1.0,0.7769793828571427,0.08451179619047618,0.05148272190476188,0.08702609904761906,1.0,0.12496968344,1.0,0.250147019136
30,Soft Joss: 0.9,2.67817142857,0.8358483942857143,0.0,1.0,0.7619041638095239,0.0739442304761905,0.05473129333333335,0.10942031238095237,1.0,0.10030714525,1.0,0.100025810738
31,"Limited Retaliate 2: 0.08, 15",2.67037142857,0.6186238666666667,58.0,1.0,0.593404259047619,0.025219607619047606,0.12615399238095243,0.25522214095238094,0.934567807929,0,0.0820351380974,0.0683709052361
32,Math Constant Hunter,2.67005714286,0.7236761295238096,41.0,1.0,0.6072878933333333,0.11638823619047621,0.1429764152380953,0.13334745523809524,0.883289544243,0.843698328993,0.117403794371,0.22349096586
33,GTFT: 0.1,2.66937142857,0.8357434571428571,0.0,1.0,0.7617944057142857,0.07394905142857144,0.05474417333333332,0.10951236952380955,1.0,0.0999375686642,1.0,0.100081370147
34,Soft Grudger,2.66854285714,0.8015421428571429,34.0,1.0,0.7221743219047618,0.07936782095238096,0.07518047047619049,0.12327738666666675,1.0,0.421058125942,0.316644804521,0.313847917663
35,"General Soft Grudger: n=1,d=4,c=2",2.66848571429,0.8015374438095239,34.0,1.0,0.7221695523809523,0.07936789142857142,0.07518549333333334,0.12327706285714292,1.0,0.421011282659,0.316782233642,0.313749027981
36,GTFT: 0.3,2.6654,0.8868604495238095,0.0,1.0,0.7966808095238094,0.09017964,0.040834308571428564,0.0723052419047619,1.0,0.299901675525,1.0,0.300375853092
37,Inverse Punisher,2.66494285714,0.6144689466666666,55.0,1.0,0.6016443314285714,0.012824615238095227,0.11855397904761907,0.2669770742857142,1.0,0,0.237870242784,0
38,Forgiver,2.66217142857,0.60994336,56.0,1.0,0.6012132647619047,0.008730095238095233,0.11763178476190478,0.2724248552380952,1.0,0.545890504797,0.0655250139186,0
39,Retaliate 2: 0.08,2.66185714286,0.6074740742857143,62.0,1.0,0.5966776228571429,0.010796451428571417,0.1191006476190476,0.2734252780952381,1.0,0,0.0706956626684,0
40,Retaliate 3: 0.05,2.66114285714,0.5869625523809524,62.0,1.0,0.5791616628571429,0.0078008895238095175,0.12736237904761902,0.28567506857142855,1.0,0,0.0442840659368,0
41,GTFT: 0.33,2.66071428571,0.8930090438095238,0.0,1.0,0.8000150114285713,0.0929940323809524,0.03867004380952382,0.06832091238095238,1.0,0.333070853831,1.0,0.333201581919
42,"ZD-GEN-2: 0.125, 0.5, 3",2.66051428571,0.8555614895238095,7.0,1.0,0.7755127504761904,0.08004873904761914,0.04334126285714286,0.10109724761904762,1.0,0.562341907574,0.49960574961,0.125063190768
43,"Limited Retaliate: 0.1, 20",2.65891428571,0.6190127485714285,57.0,1.0,0.5961637771428571,0.022848971428571414,0.121204620952381,0.2597826304761905,0.970550068619,0,0.0866985788745,0.0425550784733
44,Retaliate: 0.1,2.65242857143,0.6101655447619048,62.0,1.0,0.59712252,0.013043024761904748,0.11693253904761913,0.2729019161904762,1.0,0,0.0899512864561,0
45,GrudgerAlternator,2.64504285714,0.764288419047619,30.0,1.0,0.6201279847619048,0.1441604342857143,0.13738671809523811,0.0983248628571429,0.753937819091,0,1.0,1.0
46,Forgetful Grudger,2.64262857143,0.615685798095238,62.0,1.0,0.6028149199999999,0.012870878095238077,0.11194500380952385,0.2723691980952382,1.0,0,0.104145333353,0
47,Once Bitten,2.63814285714,0.7837809580952381,34.0,1.0,0.7347528628571429,0.049028095238095204,0.054188173333333305,0.1620308685714286,1.0,0.719102788916,0.0916552226906,0.0562932752715
48,Eatherley,2.63654285714,0.8883819638095238,0.0,1.0,0.8083782190476189,0.08000374476190482,0.025291963809523806,0.08632607238095241,1.0,0.508700030404,1.0,0.404536833824
49,Resurrection,2.62465714286,0.7421235980952381,13.0,1.0,0.6748836438095237,0.06723995428571433,0.0846607371428572,0.17321566476190473,1.0,0,0.87607394471,0
50,Firm But Fair,2.6242,0.8523379885714286,0.0,1.0,0.7295472133333331,0.12279077523809531,0.07099652571428576,0.0766654857142857,1.0,0,1.0,0.666296084476
51,ShortMem,2.62365714286,0.8151492552380952,9.0,1.0,0.7538117733333334,0.06133748190476191,0.0438732838095238,0.14097746095238095,0.999292946673,0.684263086608,0.814489512499,0
52,Adaptive Pavlov 2011,2.62028571429,0.7312375523809523,43.0,1.0,0.6935258647619048,0.037711687619047585,0.06660726666666669,0.20215518095238094,0.984622891758,0.322295783831,0.580443960725,0.0228767455038
53,Adaptive Pavlov 2006,2.61954285714,0.7120008361904762,46.0,1.0,0.6788960876190476,0.03310474857142854,0.07115355619047617,0.21684560761904753,0.976079230408,0.245397894827,0.579047216863,0.0582777224706
54,Doubler,2.61908571429,0.8080495771428572,0.0,1.0,0.7308328895238094,0.07721668761904762,0.05772776000000002,0.13422266285714285,1.0,0.649274377402,1.0,0
55,Grofman,2.61851428571,0.8872323276190476,15.0,1.0,0.7749393085714287,0.11229301904761906,0.044857201904761904,0.06791047047619049,1.0,0.414053966326,0.483140495607,0.965645754737
56,VeryBad,2.61657142857,0.8291409352380953,13.0,1.0,0.7670190628571429,0.06212187238095235,0.03488603428571427,0.13597303047619044,0.994525939785,0.765598850312,0.730718667534,0
57,Forgiving Tit For Tat,2.61554285714,0.777002300952381,0.0,1.0,0.7019500780952382,0.07505222285714291,0.07132933333333338,0.1516683657142857,1.0,0.316511549535,1.0,0
58,Tit For Tat,2.61308571429,0.7700238742857143,0.0,1.0,0.6949258685714285,0.07509800571428576,0.0739818304761905,0.15599429523809524,1.0,0,1.0,0
59,Contrite Tit For Tat,2.61254285714,0.76996852,0.0,1.0,0.6948341866666666,0.07513433333333336,0.07401796380952387,0.15601351619047615,1.0,0,1.0,0
60,Adaptive Tit For Tat: 0.5,2.61208571429,0.7700146323809524,0.0,1.0,0.6949296990476189,0.07508493333333335,0.07389118857142861,0.15609417904761905,1.0,0.0151029937785,1.0,0
61,Soft Go By Majority: 10,2.6022,0.8350529771428571,15.0,1.0,0.7661736057142857,0.06887937142857144,0.03382102476190475,0.13112599809523812,1.0,0.726878633783,0.655658344189,0
62,Win-Stay Lose-Shift: C,2.60148571429,0.7588466114285715,20.0,1.0,0.6323734266666665,0.12647318476190478,0.1158765580952381,0.12527683047619048,1.0,0,0,1.0
63,Appeaser,2.6014,0.7588601066666667,20.0,1.0,0.6323841904761904,0.12647591619047624,0.11586033142857145,0.12527956190476192,1.0,0,0,1.0
64,Soft Go By Majority: 5,2.59994285714,0.7842590895238095,18.0,1.0,0.7125651333333332,0.07169395619047625,0.060982963809523824,0.15475794666666665,1.0,0.677545333319,0.608336473528,0
65,Soft Go By Majority: 20,2.59882857143,0.830772260952381,16.0,1.0,0.7605018228571429,0.0702704380952381,0.03616069714285713,0.13306704190476187,1.0,0.728617172137,0.672161889392,0
66,"Grumpy: Nice, 10, -10",2.59777142857,0.8706026628571428,12.0,1.0,0.7785421561904762,0.0920605066666667,0.03309664190476191,0.09630069523809527,1.0,0.975626346056,0.0382613803814,0
67,Soft Go By Majority: 40,2.5976,0.8296667961904762,15.0,1.0,0.755601740952381,0.07406505523809527,0.03805986857142856,0.13227333523809523,1.0,0.738806682935,0.663362754875,0
68,Slow Tit For Two Tats 2,2.59625714286,0.8160397066666667,12.0,1.0,0.7546029295238096,0.061436777142857134,0.03687165333333334,0.14708864,1.0,0.753331963771,0.399550400614,0
69,Punisher,2.59605714286,0.6302429066666667,61.0,1.0,0.6110583600000001,0.019184546666666656,0.09760610095238097,0.2721509923809523,1.0,0,0.188369001404,0
70,Dynamic Two Tits For Tat,2.58608571429,0.8313020990476191,8.0,1.0,0.762084944761905,0.06921715428571429,0.036263483809523794,0.13243441714285714,0.951726494378,0.470671455726,0.644077636937,0.377008335346
71,Hard Tit For Tat,2.58522857143,0.6296051352380952,62.0,1.0,0.6121774590476191,0.017427676190476166,0.09302885142857142,0.27736601333333327,1.0,0,0.24261751867,0
72,Soft Go By Majority,2.5794,0.8172013923809524,16.0,1.0,0.7250165161904761,0.09218487619047622,0.053944142857142885,0.1288544647619048,1.0,0.822682040455,0.717580119946,0
73,Hard Tit For 2 Tats,2.57894285714,0.8401356152380952,0.0,1.0,0.7660886476190476,0.07404696761904758,0.029737780952380933,0.13012660380952376,1.0,0.68081899678,0.391576137274,0.364042865719
74,Slow Tit For Two Tats,2.5672,0.8700184171428571,0.0,1.0,0.7844380114285714,0.08558040571428573,0.020558906666666658,0.10942267619047619,1.0,0.750111069594,1.0,0
75,Tit For 2 Tats,2.56717142857,0.870006500952381,0.0,1.0,0.7844171961904762,0.08558930476190477,0.0205646857142857,0.10942881333333333,1.0,0.750186958624,1.0,0
76,Nice Average Copier,2.56345714286,0.7719583923809524,29.0,1.0,0.6964952247619046,0.07546316761904763,0.06468993714285715,0.16335167047619048,0.861847795022,0.496909756421,0.592274987398,0.423590316052
77,GTFT: 0.7,2.56217142857,0.9496063485714286,0.0,1.0,0.81459948,0.13500686857142863,0.016539156190476193,0.03385449523809524,1.0,0.700180357801,1.0,0.705856163225
78,Worse and Worse 3,2.56188571429,0.7717588628571429,29.0,1.0,0.6962534857142858,0.07550537714285713,0.06467984380952381,0.16356129333333327,0.861898936993,0.497099521968,0.592066593788,0.42381830272
79,Two Tits For Tat,2.54888571429,0.64869876,60.0,1.0,0.620923,0.027775759999999972,0.08229701904761906,0.26900422095238097,1.0,0,0.391900711502,0
80,Inverse,2.54238571429,0.6663165504761904,59.0,1.0,0.6314812571428572,0.034835293333333316,0.07758356190476191,0.2560998876190476,0.94871567383,0,0.587929670949,0
81,Thumper,2.53851428571,0.6816011638095238,45.0,1.0,0.6440530628571428,0.03754810095238093,0.07064629142857143,0.24775254476190478,1.0,0,0.599767220837,0
82,Eventual Cycle Hunter,2.51014285714,0.8936436380952381,13.0,1.0,0.7388834723809523,0.1547601657142858,0.0468513504761905,0.05950501142857145,0.996572815663,0.981261227733,0.0981908757702,0.124462623186
83,GTFT: 0.9,2.46677142857,0.9814143485714286,0.0,1.0,0.8078834990476191,0.17353084952380948,0.0053421790476190474,0.013243472380952383,1.0,0.899865644981,1.0,0.900036344446
84,Raider,2.46525714286,0.40720078095238094,75.0,0.0,0.35021608761904766,0.056984693333333274,0.20545032000000002,0.3873488990476191,0.990263039957,0.453342602172,0.709928378628,0.299775876126
85,Hard Prober,2.45734285714,0.39184652761904765,67.0,0.0,0.327052459047619,0.06479406857142854,0.21582118095238095,0.39233229142857146,0.897769082608,0.436459777503,0.507619773209,0.283889230448
86,Nydegger,2.45651428571,0.9478968476190476,12.0,1.0,0.7503075047619047,0.197589342857143,0.03889928952380953,0.013203862857142852,0.986024532152,0.94724569033,0.781231395482,0.731260085247
87,Adaptive,2.42231428571,0.4805796,95.0,1.0,0.3375066571428572,0.14307294285714284,0.22054742476190464,0.2988729752380953,0.924566353127,0.938290267906,0.0712198278696,0.182598356026
88,Average Copier,2.41257142857,0.6461874838095238,56.0,0.49997485714285717,0.5515598133333334,0.09462767047619049,0.08206458857142859,0.2717479276190476,0.843418508424,0.448266799545,0.670732351226,0.336946535417
89,Random Hunter,2.37485714286,0.9359358152380952,11.0,1.0,0.732809540952381,0.20312627428571425,0.028148687619047624,0.03591549714285714,0.993814149635,0.981189966414,0.380918551585,0.112810988402
90,Tester,2.36714285714,0.5515652552380952,47.0,0.0,0.4611427828571428,0.09042247238095244,0.13256738095238094,0.31586736380952385,0.86633997883,0.416951236764,1.0,0.349127428245
91,Prober 2,2.35824285714,0.7095262609523809,48.0,0.0,0.5998060171428569,0.10972024380952389,0.06478614095238107,0.22568759809523817,1.0,0.590801591006,1.0,0.397897807867
92,Cycle Hunter,2.35687142857,0.9119444266666666,9.0,1.0,0.7091565904761904,0.20278783619047613,0.03421692952380951,0.05383864380952381,0.99062015435,0.967167211603,0,0
93,Sneaky Tit For Tat,2.34991428571,0.7473620133333333,39.0,1.0,0.5479723333333334,0.19938968000000012,0.1124525123809525,0.1401854742857142,0.894253952355,0.572906022859,0.756912405997,0.643578472508
94,Defector Hunter,2.34977142857,0.9902344933333334,0.0,1.0,0.7790180285714285,0.21121646476190475,0.00031347238095238105,0.009452034285714285,1.0,0.982106737667,1.0,0
95,Ripoff,2.33268571429,0.5390095371428572,50.0,0.0,0.4464492514285714,0.09256028571428572,0.1324994361904762,0.3284910266666668,0.981585877257,0.439954467307,1.0,0.288305982522
96,Prober 4,2.32285714286,0.22750361714285713,105.0,1.0,0.1853026095238096,0.0422010076190476,0.24816498666666664,0.5243313961904761,0.569178179705,0.325611871657,0.412015438105,0.179015089533
97,Alternator Hunter,2.3226,0.9717299504761905,3.0,1.0,0.7483080857142858,0.22342186476190473,0.011322190476190479,0.016947859047619054,0.993014686445,0.994169118802,0,0
98,Meta Hunter Aggressive: 7 players,2.31508571429,0.22096973142857143,103.0,1.0,0.12729986476190475,0.09366986666666667,0.28753968571428556,0.4914905828571429,0.748547870033,0.80433276986,0.155598378284,0.0953360479238
99,Worse and Worse 2,2.31268571429,0.3088642914285714,102.0,1.0,0.1819399276190475,0.1269243638095238,0.2674607257142857,0.4236749828571429,0.666488905261,0.285830239642,0.322528841517,0.192023575438
100,Prober 3,2.30337142857,0.2535058628571429,101.0,0.0,0.17295238095238086,0.08055348190476196,0.25952695619047633,0.48696718095238095,0.96684075246,0,0.609083879195,0.192916956458
101,Prober,2.29762857143,0.3549929295238095,63.0,0.0,0.27667747238095236,0.07831545714285719,0.20565216952380955,0.4393549009523809,0.840714947506,0.42299557585,0.681069539202,0.266633955415
102,DoubleResurrection,2.2934,0.5252314228571429,84.0,1.0,0.32925837904761907,0.19597304380952377,0.20673428380952377,0.2680342933333334,0.847693902132,0,1.0,0.156962976464
103,Cooperator,2.29165714286,1.0,0.0,1.0,0.7624498457142856,0.23755015428571433,0.0,0.0,1.0,1.0,0,0
104,ALLCorALLD,2.29114285714,0.6003653333333333,3.0,0.6003653333333333,0.45903907238095254,0.1413262609523809,0.09510471809523806,0.3045299485714285,1.0,1.0,0,0
105,Remorseful Prober: 0.1,2.26951428571,0.49146973714285713,114.0,1.0,0.36933921142857157,0.12213052571428566,0.15972566857142853,0.3488045942857142,0.89996224647,0,0.900051048253,0.295873694127
106,Fortress4,2.26111428571,0.21219692,90.0,0.0,0.0788044819047619,0.13339243809523804,0.30891532571428587,0.4788877542857141,1.0,0,0,0.29128688584
107,Willing,2.2604,0.9566211333333333,24.0,0.4997070476190476,0.7244482647619048,0.23217286857142852,0.0023020895238095255,0.04107677714285717,1.0,1.0,1.0,0
108,Fortress3,2.24434285714,0.3033808780952381,83.0,0.0,0.12751285714285707,0.1758680209523808,0.2911623352380954,0.4054567866666666,1.0,0,0,0.449144108089
109,Suspicious Tit For Tat,2.24175714286,0.5541643180952381,89.0,0.0,0.4342285371428571,0.11993578095238097,0.12247148952380958,0.32336419238095243,1.0,0,1.0,0
110,"Feld: 1.0, 0.5, 200",2.23448571429,0.37875345714285713,136.0,1.0,0.3065147676190478,0.0722386895238095,0.17221963047619046,0.44902691238095227,0.864216511805,0,0.786288832261,0
111,Stochastic Cooperator,2.23352857143,0.570788100952381,83.0,1.0,0.39798780380952353,0.17280029714285725,0.15189626095238096,0.2773156380952382,0.93496402801,0.228843483081,0.266248971676,0.419886672431
112,Fool Me Forever,2.22071428571,0.9096671295238096,31.0,0.0,0.5945893676190475,0.315077761904762,0.0857070895238097,0.004625780952380955,1.0,1.0,0,1.0
113,EasyGo,2.22048571429,0.9096303047619048,32.0,0.0,0.5945154323809522,0.31511487238095237,0.08574402857142875,0.004625666666666668,1.0,1.0,0,1.0
114,Arrogant QLearner,2.20262857143,0.8665815371428571,53.0,0.9500986666666666,0.6406417466666666,0.22593979047619037,0.036188420952380965,0.09723004190476199,0.950004825856,0.924114992957,0.949997658384,0.638049377689
115,Cautious QLearner,2.20147142857,0.8666444438095238,53.0,0.9499577142857143,0.6406791580952382,0.2259652857142857,0.03618109904761902,0.09717445714285713,0.950028054152,0.923257462598,0.950030081629,0.636330010551
116,Hesitant QLearner,2.20047142857,0.8665408038095238,53.0,0.9499062857142857,0.6405878723809523,0.22595293142857148,0.03617945904761904,0.09727973714285716,0.949972271824,0.924845237973,0.950027841277,0.637552066008
117,Risky QLearner,2.20014285714,0.8665162666666667,53.0,0.9502506666666667,0.6405883828571427,0.2259278838095238,0.03617734857142857,0.09730638476190481,0.949997209327,0.923631640638,0.950042351433,0.636747997636
118,Tullock: 11,2.19548571429,0.4728900057142857,123.0,1.0,0.39552792190476194,0.07736208380952381,0.12126446857142856,0.4058455257142857,0.808399377335,0.592964948435,0.621117768788,0.199916744089
119,Opposite Grudger,2.19378571429,0.9164566685714286,38.0,0.0,0.6898263257142855,0.22663034285714304,0.004617417142857147,0.07892591428571431,1.0,1.0,1.0,0
120,TF2,2.18251428571,0.22163162285714286,139.0,1.0,0.19010036190476196,0.03153126095238088,0.20822356761904764,0.5701448095238095,0.538424055962,0,0.597348651649,0.0867809109437
121,Calculator,2.18225714286,0.30832577904761904,118.0,1.0,0.23924678666666674,0.06907899238095244,0.18838098095238087,0.50329324,0.931778722926,0,0.579724085974,0
122,Meta Mixer: 173 players,2.15838571429,0.4703822342857143,88.0,0.7919474285714285,0.28181532190476183,0.18856691238095236,0.19162801333333335,0.3379897523809524,0.641384543141,0.340778240917,0.603678175067,0.329545303307
123,Worse and Worse,2.15462857143,0.8994927828571428,60.0,0.9990152380952381,0.5983963771428571,0.30109640571428575,0.06358098666666667,0.03692623047619045,0.91163266409,0.894847029711,0.874632934993,0.867017188488
124,Hard Go By Majority: 5,2.14305714286,0.5151361447619047,90.0,0.0,0.41588818095238084,0.09924796380952387,0.10210728000000005,0.38275657523809525,1.0,0.667074301989,0.793803660725,0
125,Naive Prober: 0.1,2.13955714286,0.43422246476190474,136.0,1.0,0.35040478857142854,0.0838176761904762,0.12866136952380947,0.4371161657142858,0.899913798768,0,0.90004318582,0
126,Joss: 0.9,2.13871428571,0.4342335980952381,136.0,1.0,0.35042538666666667,0.08380821142857141,0.12864371999999988,0.4371226819047621,0.899970190771,0,0.900082664093,0
127,Hard Go By Majority,2.13602857143,0.5019926742857143,90.0,0.0,0.39656250476190474,0.10543016952380961,0.11131813333333335,0.3866891923809523,1.0,0.814164019666,0.778610144285,0
128,Stochastic WSLS: 0.05,2.12878571429,0.5520958552380952,69.0,1.0,0.30443063238095247,0.24766522285714293,0.19704171428571435,0.2508624304761904,0.949984104219,0.0503942378318,0.049961531532,0.950005260642
129,Pun1,2.12227142857,0.7690257733333333,48.0,0.0,0.5064847580952381,0.2625410152380951,0.09155503047619055,0.13941919619047613,1.0,0.355873646651,1.0,1.0
130,"ZD-SET-2: 0.25, 0.0, 2",2.12061428571,0.42838456380952383,87.0,1.0,0.25363351809523815,0.1747510457142857,0.19451411238095234,0.37710132380952377,0.750063682615,0.249907250917,0.499953032465,0.250116148734
131,Random: 0.1,2.11328571429,0.10000718095238095,103.0,0.10009333333333334,0.031142455238095234,0.06886472571428569,0.2803531123809525,0.6196397066666666,0.099778680091,0.10078918233,0.10005351595,0.100060520992
132,CollectiveStrategy,2.10522857143,0.011533099047619047,160.0,1.0,0.010066074285714257,0.0014670247619047636,0.2708828514285715,0.7175840495238094,0.429323327716,0,0,0.151224627674
133,ThueMorseInverse,2.10514285714,0.5,76.0,1.0,0.1986241161904762,0.3013758838095238,0.25080988380952396,0.2491901161904761,0.310724670445,0.398289234658,0.601750351029,0.761142902537
134,Winner21,2.09297142857,0.36911153714285716,141.0,0.0,0.33472818285714295,0.03438335428571425,0.11452334857142872,0.5163651142857141,1.0,0,0.564090112734,0.223248736872
135,SelfSteem,2.08822857143,0.4835357580952381,70.0,0.5001059047619048,0.2756512704761906,0.2078844876190476,0.17927244571428572,0.337191796190476,0.723398015295,0.390901166217,0.602270134047,0.264693867172
136,Better and Better,2.08802857143,0.10049830285714285,99.0,0.0010034285714285713,0.030979550476190484,0.06951875238095237,0.2717917238095239,0.6277099733333332,0.133778867192,0.130395770669,0.089647552118,0.0936438533174
137,Random: 0.9,2.08271428571,0.9000025619047619,59.0,0.9001184761904761,0.5755324285714285,0.3244701333333334,0.06394130476190477,0.03605613333333333,0.900018502056,0.899980000149,0.899926819169,0.899897579717
138,Random: 0.7,2.08045714286,0.6999881352380952,63.0,0.7001668571428571,0.3798260838095237,0.3201620514285715,0.162797038095238,0.13721482666666668,0.6999750249,0.699828243512,0.699957627026,0.699843033126
139,Random: 0.5,2.07388571429,0.50000472,70.0,0.4998445714285714,0.223892518095238,0.2761122019047619,0.22390062476190478,0.2760946552380953,0.499987726507,0.499879422601,0.500055729063,0.500148983935
140,ThueMorse,2.07202857143,0.5,63.0,0.0,0.19494566095238086,0.305054339047619,0.2452938704761906,0.25470612952380944,0.312909480773,0.403441911181,0.650376574361,0.754175707412
141,Desperate,2.07002857143,0.3457512285714286,76.0,0.49984685714285715,0.05901326095238097,0.28673796761904774,0.30921135047619036,0.3450374209523809,0,0,0,1.0
142,SolutionB5,2.06957142857,0.3980662819047619,126.0,0.0,0.33530640571428566,0.0627598761904762,0.11506546285714297,0.4868682552380951,1.0,0,0.782215971856,0
143,Alternator,2.06554285714,0.5,72.0,1.0,0.17221879238095247,0.3277812076190475,0.26073470095238116,0.23926529904761895,0,0,1.0,1.0
144,Hard Go By Majority: 40,2.06291428571,0.45495290476190475,106.0,0.0,0.39113898476190456,0.06381392,0.08465867809523818,0.4603884171428573,1.0,0.73525092966,0.732214298846,0
145,Bully,2.0626,0.5578056380952381,72.0,0.0,0.13431188380952375,0.4234937542857143,0.30500782666666665,0.13718653523809524,0,1.0,0,1.0
146,Random: 0.3,2.0606,0.2999904133333333,84.0,0.2996872380952381,0.10948467809523817,0.19050573523809528,0.25542889523809514,0.4445806914285713,0.300093990424,0.299935063949,0.300119959787,0.299796997145
147,Cycler CCCDCD,2.05465714286,0.67,60.0,1.0,0.32571105333333367,0.34428894666666665,0.18545481142857115,0.14454518857142848,0.519764425099,0.547025420607,1.0,1.0
148,TF1,2.05257142857,0.11135386857142857,137.0,1.0,0.07979211428571438,0.03156175428571423,0.23115529904761908,0.6574908323809524,0.437126695209,0.599134150429,0.396110645675,0.0837590445301
149,Hard Go By Majority: 20,2.05134285714,0.43677093523809524,108.0,0.0,0.38256471809523784,0.054206217142857165,0.0823736285714286,0.4808554361904763,1.0,0.681119836158,0.710302853455,0
150,Predator,2.05091428571,0.09004672571428571,134.0,1.0,0.07066306857142869,0.019383657142857107,0.2327798171428572,0.677173457142857,0.683064452598,0,0.238651082041,0.0420285176776
151,Cycler DC,2.04805714286,0.5,59.0,0.0,0.16113476380952368,0.33886523619047615,0.2646830152380953,0.2353169847619048,0,0,1.0,1.0
152,Tricky Defector,2.04248571429,0.36653863619047616,85.0,0.0,0.055933192380952367,0.3106054438095236,0.3084365600000002,0.32502480380952375,0,1.0,0,0.286285350731
153,Cycler CCD,2.03834285714,0.67,56.0,1.0,0.3171619047619051,0.3528380952380952,0.18781940190476173,0.14218059809523814,0.426960764783,0.631404216704,1.0,1.0
154,Win-Shift Lose-Stay: D,2.03051428571,0.5365751923809524,78.0,0.0,0.22120742857142847,0.31536776380952386,0.22378586476190485,0.23963894285714277,0,1.0,1.0,0
155,Cycler DDC,2.02825714286,0.33,91.0,0.0,0.09678626476190477,0.23321373523809488,0.2653420685714289,0.4046579314285714,0,0,0.464611222081,0.624852985515
156,"ZD-Extort-2 v2: 0.125, 0.5, 1",2.02808571429,0.2920747142857143,147.0,1.0,0.23696560571428577,0.055109108571428575,0.15174401142857136,0.5561812742857144,0.875088658375,0.437407768124,0.374846817821,0
157,"ZD-Extort-2: 0.1111111111111111, 0.5",2.02804285714,0.29436697523809524,148.0,1.0,0.23980507999999995,0.054561895238095195,0.1505296838095239,0.555103340952381,0.88890950135,0.499867528867,0.333383526475,0
158,Hard Go By Majority: 10,2.02741428571,0.4157315219047619,113.0,0.0,0.3673074933333333,0.04842402857142858,0.08480126666666674,0.4994672114285714,1.0,0.64185755997,0.682642727173,0
159,Cooperator Hunter,2.01822857143,0.9522106247619048,30.0,1.0,0.5960223371428569,0.35618828761904786,0.04479604952380953,0.0029933257142857168,0.958716992476,1.0,0,1.0
160,$\pi$,2.00654285714,0.7981778247619048,61.0,1.0,0.3427987085714289,0.4553791161904761,0.1913153123809522,0.010506862857142819,0.585662584976,1.0,0.889945332271,1.0
161,$e$,2.00408571429,0.7774281428571429,65.0,1.0,0.3232580380952383,0.45417010476190467,0.2002912209523808,0.022280636190476145,0.564083152235,1.0,0.768384489602,1.0
162,Cycler CCCD,2.00337142857,0.75,64.0,1.0,0.3885708952380953,0.3614291047619047,0.14557676190476193,0.10442323809523811,0.633848271677,0.749468670442,1.0,1.0
163,Negation,2.00048571429,0.5671132914285715,67.0,0.4995257142857143,0.13888712761904765,0.4282261638095237,0.2935652914285716,0.13932141714285703,0,1.0,0,1.0
164,Cycler CCCCCD,1.99777142857,0.835,56.0,1.0,0.4713865257142858,0.3636134742857143,0.10337843238095232,0.06162156761904765,0.781495972083,0.860338078671,1.0,1.0
165,SolutionB1,1.98557142857,0.9117869619047619,33.0,0.0,0.6235245447619043,0.2882624171428573,0.006667222857142852,0.08154581523809538,1.0,1.0,0.434560852017,0.860841228191
166,Anti Tit For Tat,1.98474285714,0.5761992495238095,63.0,1.0,0.14056711047619047,0.4356321390476192,0.2852461923809524,0.13855455809523806,0,1.0,0,1.0
167,"ZD-Extort-4: 0.23529411764705882, 0.25, 1",1.98385714286,0.18548966666666666,151.0,1.0,0.1395793238095238,0.045910342857142857,0.1933843123809525,0.6211260209523809,0.647236394943,0,0.470568817118,0
168,AntiCycler,1.98028571429,0.9,54.0,1.0,0.5393827542857142,0.3606172457142859,0.06440204380952379,0.035597956190476156,0.860645186089,0.86949650856,0.907599913754,0.98337526991
169,Aggravater,1.98017142857,0.07364129904761904,161.0,0.0,0.07289378285714282,0.0007475161904761901,0.20936119619047622,0.7169975047619047,1.0,0,0.0970632010806,0
170,Hopeless,1.97901428571,0.731639700952381,68.0,0.500527619047619,0.26713306095238093,0.46450663999999986,0.2243293447619049,0.044030954285714276,0,1.0,1.0,1.0
171,Tricky Cooperator,1.97648571429,0.8173419657142857,59.0,1.0,0.3898365085714287,0.4275054571428571,0.15397003619047625,0.028687998095238098,0.886485733486,1.0,0,1.0
172,Handshake,1.97022857143,0.08428674285714285,151.0,1.0,0.04579486476190471,0.03849187809523811,0.22748312952380967,0.6882301276190473,0.878732124441,0.957686743785,0,0.320298460571
173,Defector,1.96937142857,0.0,161.0,0.0,0.0,0.0,0.2414104666666668,0.7585895333333332,0,0,0,0
174,$\phi$,1.96928571429,0.6880313047619048,61.0,1.0,0.23101528761904783,0.4570160171428571,0.23863971238095222,0.07332898285714287,0.445121011334,1.0,0.3294014778,1.0
175,"Gradual Killer: ('D', 'D', 'D', 'D', 'D', 'C', 'C')",1.87558571429,0.5889827219047619,61.0,0.0,0.42748237523809507,0.16150034666666704,0.04550536571428566,0.36551191238095226,1.0,0.803801415493,0.150732426398,0.13632880142
